policy,episodes,success_rate_percent,collision_rate_percent,timeout_rate_percent,avg_reward,avg_steps,avg_waiting_steps,avg_waiting_seconds
ppo,3,66.66666666666667,33.333333333333336,0.0,6.333333333333333,8.333333333333334,0.0,0.0
random_baseline,3,0.0,66.66666666666667,33.333333333333336,0.18862134703928302,9.0,1.6666666666666667,1.6666666666666667
