{
  "created_at_utc": "2026-04-10T15:12:03.144085+00:00",
  "environment": "intersection-v0",
  "model_path": "ppo_intersection_model",
  "episodes_per_policy": 3,
  "seed": 42,
  "wait_speed_threshold": 0.5,
  "max_steps": null,
  "ppo_deterministic": true,
  "metrics": {
    "ppo": {
      "episodes": 3,
      "success_rate_percent": 66.66666666666667,
      "collision_rate_percent": 33.333333333333336,
      "timeout_rate_percent": 0.0,
      "avg_reward": 6.333333333333333,
      "avg_steps": 8.333333333333334,
      "avg_waiting_steps": 0.0,
      "avg_waiting_seconds": 0.0
    },
    "random_baseline": {
      "episodes": 3,
      "success_rate_percent": 0.0,
      "collision_rate_percent": 66.66666666666667,
      "timeout_rate_percent": 33.333333333333336,
      "avg_reward": 0.18862134703928302,
      "avg_steps": 9.0,
      "avg_waiting_steps": 1.6666666666666667,
      "avg_waiting_seconds": 1.6666666666666667
    }
  },
  "deltas_ppo_minus_random": {
    "success_rate_delta_pp": 66.66666666666667,
    "collision_rate_delta_pp": -33.333333333333336,
    "timeout_rate_delta_pp": -33.333333333333336,
    "avg_reward_delta": 6.14471198629405,
    "avg_waiting_seconds_delta": -1.6666666666666667
  }
}